index,site,url
1,RemoteOK,https://remoteok.com/
2,We Work Remotely,https://weworkremotely.com/
3,RemoteCO,https://remote.co/remote-jobs/
4,Remotive,https://remotive.com/
5,Skip The Drive,https://www.skipthedrive.com/
6,Working Nomads,https://www.workingnomads.com/jobs
7,FlexJobs,flexjobs.com
8,AI Jobs,https://ai-jobs.net/
9,No CS Degree,https://nocsdegree.com/jobs
10,Remote Hunt,https://remotehunt.com/
11,Fresh Remote,https://freshremote.work/
12,Dynamite Jobs,https://dynamitejobs.com/
,,producthunt.jobs
,,justremote.co
,,dailyremote.com
,,hired.com
,,remoteleaf.com

















